depmap_id,cell_line_display_name,all4,bone,brain,liver,lung
ACH-000278,COV362,-1.5425053,-3.6777494,-1.6028377,-3.1470227,-2.4651663
ACH-000524,KURAMOCHI,-3.3567767,-3.9586277,-3.9586277,-3.8650274,-3.383721
ACH-000542,HEYA8,1.3955438,-3.1072638,0.16377379,0.28844652,1.3316576
ACH-000657,A2780,1.3227441,-0.78942305,-0.52949893,1.3099504,-0.8157682
ACH-000696,OVCAR8,0.66612196,-0.13857748,0.29613915,0.10006568,-0.17227598
ACH-000701,RMUGS,-1.6730932,-2.4286366,-1.8435453,-3.40048,-2.4713395
ACH-000704,OAW42,-3.7721877,-3.7721877,-3.7721877,-3.7721877,-3.7721877
ACH-000906,ES2,1.744267,-2.7760968,1.538588,0.106478624,1.2935106
